[{"model": "contenttypes.contenttype", "pk": 1, "fields": {"app_label": "admin", "model": "logentry"}}, {"model": "contenttypes.contenttype", "pk": 2, "fields": {"app_label": "auth", "model": "permission"}}, {"model": "contenttypes.contenttype", "pk": 3, "fields": {"app_label": "auth", "model": "group"}}, {"model": "contenttypes.contenttype", "pk": 4, "fields": {"app_label": "auth", "model": "user"}}, {"model": "contenttypes.contenttype", "pk": 5, "fields": {"app_label": "contenttypes", "model": "contenttype"}}, {"model": "contenttypes.contenttype", "pk": 6, "fields": {"app_label": "sessions", "model": "session"}}, {"model": "contenttypes.contenttype", "pk": 7, "fields": {"app_label": "courses", "model": "course"}}, {"model": "contenttypes.contenttype", "pk": 9, "fields": {"app_label": "courses", "model": "text"}}, {"model": "contenttypes.contenttype", "pk": 10, "fields": {"app_label": "courses", "model": "quiz"}}, {"model": "contenttypes.contenttype", "pk": 11, "fields": {"app_label": "courses", "model": "question"}}, {"model": "contenttypes.contenttype", "pk": 12, "fields": {"app_label": "courses", "model": "answer"}}, {"model": "contenttypes.contenttype", "pk": 13, "fields": {"app_label": "courses", "model": "multiplechoicequestion"}}, {"model": "contenttypes.contenttype", "pk": 14, "fields": {"app_label": "courses", "model": "truefalsequestion"}}, {"model": "sessions.session", "pk": "27afcdyssp5nzw5ida2qz0o8qzhhe4a1", "fields": {"session_data": "YzVjYzAwZTFlMDU3YTJjM2VhODVhMmIxMGM0NDBlMDExZTM2N2RjMjp7Il9hdXRoX3VzZXJfYmFja2VuZCI6ImRqYW5nby5jb250cmliLmF1dGguYmFja2VuZHMuTW9kZWxCYWNrZW5kIiwiX2F1dGhfdXNlcl9oYXNoIjoiMTJiZjJjMzg2ZDZjMTZkMGZiNWRkYzM4MGJiMDRiYjE5MTkxNDVkYiIsIl9hdXRoX3VzZXJfaWQiOiIxIn0=", "expire_date": "2015-12-08T23:21:22.546Z"}}, {"model": "sessions.session", "pk": "3rtoq7rr60doqxq7gvqcq0pabpfk47kp", "fields": {"session_data": "NzYzOTAzNjU5OTllNzRiZjZmYWY3YzI0YjQwNTQzMWVjZWViYTNlYzp7Il9hdXRoX3VzZXJfYmFja2VuZCI6ImRqYW5nby5jb250cmliLmF1dGguYmFja2VuZHMuTW9kZWxCYWNrZW5kIiwiX2F1dGhfdXNlcl9pZCI6IjEiLCJfYXV0aF91c2VyX2hhc2giOiIxMmJmMmMzODZkNmMxNmQwZmI1ZGRjMzgwYmIwNGJiMTkxOTE0NWRiIn0=", "expire_date": "2015-12-14T22:02:41.569Z"}}, {"model": "sessions.session", "pk": "puh5h2fpentohxoi8kol3zytk1yfyv4s", "fields": {"session_data": "MWIyY2YzZjM5OWZhNTFkNGU4ZjhjZTAyZGRjMzEwOTMxOWNmNTk1Mjp7Il9hdXRoX3VzZXJfaGFzaCI6IjEyYmYyYzM4NmQ2YzE2ZDBmYjVkZGMzODBiYjA0YmIxOTE5MTQ1ZGIiLCJfYXV0aF91c2VyX2JhY2tlbmQiOiJkamFuZ28uY29udHJpYi5hdXRoLmJhY2tlbmRzLk1vZGVsQmFja2VuZCIsIl9hdXRoX3VzZXJfaWQiOiIxIn0=", "expire_date": "2015-06-15T18:31:33.354Z"}}, {"model": "courses.text", "pk": 1, "fields": {"title": "What's the deal with strings?", "description": "Strings are more than just a bunch of letters. Find out why!", "order": 2, "course": 1, "content": ""}}, {"model": "courses.text", "pk": 2, "fields": {"title": "Using the Shell", "description": "Learn how to use Python's shell to play with the language and get help.", "order": 0, "course": 1, "content": "Launch the shell with \"python\".\r\n\r\nYou can exit the shell by entering \"exit()\" or \"quit()\".\r\n\r\nYou can also exit the shell by pressing CTRL and D."}}, {"model": "courses.quiz", "pk": 1, "fields": {"title": "Review", "description": "A quick review", "order": 1, "course": 1, "total_questions": 4}}, {"model": "courses.quiz", "pk": 2, "fields": {"title": "Review: Strings and Things", "description": "Let's talk about strings!", "order": 3, "course": 1, "total_questions": 5}}, {"model": "courses.quiz", "pk": 3, "fields": {"title": "Basic PHP and Including Files", "description": "How PHP is processed and handles including files.", "order": 0, "course": 21, "total_questions": 4}}, {"model": "courses.quiz", "pk": 4, "fields": {"title": "Review: Introduction to Your Tools", "description": "In this quiz, we will review the tools you have been introduced.", "order": 0, "course": 18, "total_questions": 4}}, {"model": "courses.quiz", "pk": 5, "fields": {"title": "Refresher", "description": "Let's review our Java skills", "order": 0, "course": 19, "total_questions": 4}}, {"model": "courses.quiz", "pk": 6, "fields": {"title": "Review Arrays", "description": "Let's review the awkwardness of Arrays", "order": 0, "course": 20, "total_questions": 4}}, {"model": "courses.quiz", "pk": 7, "fields": {"title": "Review", "description": "We'll review some topics from this stage.", "order": 0, "course": 16, "total_questions": 4}}, {"model": "courses.quiz", "pk": 8, "fields": {"title": "HTTP Server Review", "description": "Let's review HTTP servers.", "order": 0, "course": 17, "total_questions": 4}}, {"model": "courses.quiz", "pk": 9, "fields": {"title": "Data, Databases and SQL Review", "description": "In this quiz we'll review the topics covered in this stage", "order": 0, "course": 14, "total_questions": 4}}, {"model": "courses.quiz", "pk": 10, "fields": {"title": "Adding Data to a Database Review", "description": "in this quiz we'll review what we've learned.", "order": 0, "course": 15, "total_questions": 4}}, {"model": "courses.quiz", "pk": 11, "fields": {"title": "The Problem with Activities", "description": "This quiz reviews some of the issues faced when using Activities", "order": 0, "course": 13, "total_questions": 4}}, {"model": "courses.quiz", "pk": 12, "fields": {"title": "Android Tools", "description": "Android Tools", "order": 0, "course": 12, "total_questions": 4}}, {"model": "courses.quiz", "pk": 13, "fields": {"title": "Template Tags Review", "description": "Let's test what you've learned!", "order": 0, "course": 11, "total_questions": 4}}, {"model": "courses.question", "pk": 2, "fields": {"quiz": 2, "order": 0, "prompt": "What all characters can be in a string?"}}, {"model": "courses.question", "pk": 3, "fields": {"quiz": 13, "order": 0, "prompt": "For app-specific static content, it's a best practice to have a \"static\" folder within your app that has another folder within it that shares the same name as your app."}}, {"model": "courses.question", "pk": 4, "fields": {"quiz": 12, "order": 0, "prompt": "Android Studio evolves quickly, but the concepts we'll learn will apply even if the tools change."}}, {"model": "courses.question", "pk": 5, "fields": {"quiz": 11, "order": 0, "prompt": "When we rotated the Fun Facts app why did it revert back to its original fun fact and color?"}}, {"model": "courses.question", "pk": 6, "fields": {"quiz": 9, "order": 0, "prompt": "Databases organize their information into structures called:"}}, {"model": "courses.question", "pk": 7, "fields": {"quiz": 10, "order": 0, "prompt": "What does the acronym CRUD stand for?"}}, {"model": "courses.question", "pk": 8, "fields": {"quiz": 7, "order": 0, "prompt": "Given the following HTML what would calling `$(\"p\").next().remove()` remove?\r\n\r\n`<h1>Hello World!</h1>`\r\n\r\n`<p>This is my first post!</p>`"}}, {"model": "courses.question", "pk": 9, "fields": {"quiz": 8, "order": 0, "prompt": "What is the local IP address assigned to all computers?"}}, {"model": "courses.question", "pk": 10, "fields": {"quiz": 4, "order": 0, "prompt": "Java is a compiled language"}}, {"model": "courses.question", "pk": 11, "fields": {"quiz": 5, "order": 0, "prompt": "The `boolean` datatype is used to store:"}}, {"model": "courses.question", "pk": 12, "fields": {"quiz": 6, "order": 0, "prompt": "After an array is created its length can be changed by using the `setLength` method."}}, {"model": "courses.question", "pk": 13, "fields": {"quiz": 3, "order": 0, "prompt": "Most web servers are configured to display a document called `index.html` or `index.php` when a directory is requested, without a file name being specified"}}, {"model": "courses.multiplechoicequestion", "pk": 2, "fields": {"shuffle_answers": true}}, {"model": "courses.multiplechoicequestion", "pk": 5, "fields": {"shuffle_answers": true}}, {"model": "courses.multiplechoicequestion", "pk": 6, "fields": {"shuffle_answers": true}}, {"model": "courses.multiplechoicequestion", "pk": 7, "fields": {"shuffle_answers": true}}, {"model": "courses.multiplechoicequestion", "pk": 8, "fields": {"shuffle_answers": true}}, {"model": "courses.multiplechoicequestion", "pk": 9, "fields": {"shuffle_answers": true}}, {"model": "courses.multiplechoicequestion", "pk": 10, "fields": {"shuffle_answers": false}}, {"model": "courses.multiplechoicequestion", "pk": 11, "fields": {"shuffle_answers": true}}, {"model": "courses.truefalsequestion", "pk": 3, "fields": {}}, {"model": "courses.truefalsequestion", "pk": 4, "fields": {}}, {"model": "courses.truefalsequestion", "pk": 12, "fields": {}}, {"model": "courses.truefalsequestion", "pk": 13, "fields": {}}, {"model": "courses.answer", "pk": 1, "fields": {"question": 2, "order": 3, "text": "Anything that's Unicode!", "correct": true}}, {"model": "courses.answer", "pk": 2, "fields": {"question": 2, "order": 0, "text": "Only letters and punctation", "correct": false}}, {"model": "courses.answer", "pk": 4, "fields": {"question": 2, "order": 0, "text": "Emoji only", "correct": false}}, {"model": "courses.answer", "pk": 7, "fields": {"question": 3, "order": 0, "text": "True", "correct": true}}, {"model": "courses.answer", "pk": 8, "fields": {"question": 3, "order": 0, "text": "False", "correct": false}}, {"model": "courses.answer", "pk": 9, "fields": {"question": 4, "order": 0, "text": "True", "correct": true}}, {"model": "courses.answer", "pk": 10, "fields": {"question": 4, "order": 0, "text": "False", "correct": false}}, {"model": "courses.answer", "pk": 11, "fields": {"question": 5, "order": 0, "text": "The activity is recreated when the orientation changes.", "correct": true}}, {"model": "courses.answer", "pk": 12, "fields": {"question": 5, "order": 0, "text": "It's a different activity; we use a different activity for each orientation.", "correct": false}}, {"model": "courses.answer", "pk": 13, "fields": {"question": 5, "order": 0, "text": "Application member variables don't persist their values through a rotation.", "correct": false}}, {"model": "courses.answer", "pk": 14, "fields": {"question": 6, "order": 0, "text": "Tables", "correct": true}}, {"model": "courses.answer", "pk": 15, "fields": {"question": 6, "order": 0, "text": "Spreadsheets", "correct": false}}, {"model": "courses.answer", "pk": 16, "fields": {"question": 6, "order": 0, "text": "Charts", "correct": false}}, {"model": "courses.answer", "pk": 17, "fields": {"question": 6, "order": 0, "text": "Multi-dimensional Arrays", "correct": false}}, {"model": "courses.answer", "pk": 18, "fields": {"question": 7, "order": 0, "text": "Create, Read, Update and Delete", "correct": true}}, {"model": "courses.answer", "pk": 19, "fields": {"question": 7, "order": 0, "text": "Curate, Retrieve, Update and Delete", "correct": false}}, {"model": "courses.answer", "pk": 20, "fields": {"question": 7, "order": 0, "text": "Create, Render, Update and Duplicate", "correct": false}}, {"model": "courses.answer", "pk": 21, "fields": {"question": 8, "order": 0, "text": "The `p` element", "correct": false}}, {"model": "courses.answer", "pk": 22, "fields": {"question": 8, "order": 0, "text": "Nothing", "correct": true}}, {"model": "courses.answer", "pk": 23, "fields": {"question": 8, "order": 0, "text": "The `h1` element", "correct": false}}, {"model": "courses.answer", "pk": 24, "fields": {"question": 9, "order": 0, "text": "127.0.0.01", "correct": true}}, {"model": "courses.answer", "pk": 25, "fields": {"question": 9, "order": 0, "text": "1.3.3.7", "correct": false}}, {"model": "courses.answer", "pk": 26, "fields": {"question": 9, "order": 0, "text": "1.0.0.127", "correct": false}}, {"model": "courses.answer", "pk": 27, "fields": {"question": 9, "order": 0, "text": "1.1.1.1", "correct": false}}, {"model": "courses.answer", "pk": 28, "fields": {"question": 10, "order": 0, "text": "Yes", "correct": true}}, {"model": "courses.answer", "pk": 29, "fields": {"question": 10, "order": 0, "text": "No", "correct": false}}, {"model": "courses.answer", "pk": 30, "fields": {"question": 11, "order": 0, "text": "true or false", "correct": true}}, {"model": "courses.answer", "pk": 31, "fields": {"question": 11, "order": 0, "text": "yes, no or maybe", "correct": false}}, {"model": "courses.answer", "pk": 32, "fields": {"question": 11, "order": 0, "text": "numbers", "correct": false}}, {"model": "courses.answer", "pk": 33, "fields": {"question": 11, "order": 0, "text": "large pieces of text", "correct": false}}, {"model": "courses.answer", "pk": 34, "fields": {"question": 12, "order": 0, "text": "True", "correct": false}}, {"model": "courses.answer", "pk": 35, "fields": {"question": 12, "order": 0, "text": "False", "correct": true}}, {"model": "courses.answer", "pk": 36, "fields": {"question": 13, "order": 0, "text": "True", "correct": true}}, {"model": "courses.answer", "pk": 37, "fields": {"question": 13, "order": 0, "text": "False", "correct": false}}, {"model": "auth.permission", "pk": 1, "fields": {"name": "Can add log entry", "content_type": 1, "codename": "add_logentry"}}, {"model": "auth.permission", "pk": 2, "fields": {"name": "Can change log entry", "content_type": 1, "codename": "change_logentry"}}, {"model": "auth.permission", "pk": 3, "fields": {"name": "Can delete log entry", "content_type": 1, "codename": "delete_logentry"}}, {"model": "auth.permission", "pk": 4, "fields": {"name": "Can add permission", "content_type": 2, "codename": "add_permission"}}, {"model": "auth.permission", "pk": 5, "fields": {"name": "Can change permission", "content_type": 2, "codename": "change_permission"}}, {"model": "auth.permission", "pk": 6, "fields": {"name": "Can delete permission", "content_type": 2, "codename": "delete_permission"}}, {"model": "auth.permission", "pk": 7, "fields": {"name": "Can add group", "content_type": 3, "codename": "add_group"}}, {"model": "auth.permission", "pk": 8, "fields": {"name": "Can change group", "content_type": 3, "codename": "change_group"}}, {"model": "auth.permission", "pk": 9, "fields": {"name": "Can delete group", "content_type": 3, "codename": "delete_group"}}, {"model": "auth.permission", "pk": 10, "fields": {"name": "Can add user", "content_type": 4, "codename": "add_user"}}, {"model": "auth.permission", "pk": 11, "fields": {"name": "Can change user", "content_type": 4, "codename": "change_user"}}, {"model": "auth.permission", "pk": 12, "fields": {"name": "Can delete user", "content_type": 4, "codename": "delete_user"}}, {"model": "auth.permission", "pk": 13, "fields": {"name": "Can add content type", "content_type": 5, "codename": "add_contenttype"}}, {"model": "auth.permission", "pk": 14, "fields": {"name": "Can change content type", "content_type": 5, "codename": "change_contenttype"}}, {"model": "auth.permission", "pk": 15, "fields": {"name": "Can delete content type", "content_type": 5, "codename": "delete_contenttype"}}, {"model": "auth.permission", "pk": 16, "fields": {"name": "Can add session", "content_type": 6, "codename": "add_session"}}, {"model": "auth.permission", "pk": 17, "fields": {"name": "Can change session", "content_type": 6, "codename": "change_session"}}, {"model": "auth.permission", "pk": 18, "fields": {"name": "Can delete session", "content_type": 6, "codename": "delete_session"}}, {"model": "auth.permission", "pk": 19, "fields": {"name": "Can add course", "content_type": 7, "codename": "add_course"}}, {"model": "auth.permission", "pk": 20, "fields": {"name": "Can change course", "content_type": 7, "codename": "change_course"}}, {"model": "auth.permission", "pk": 21, "fields": {"name": "Can delete course", "content_type": 7, "codename": "delete_course"}}, {"model": "auth.permission", "pk": 25, "fields": {"name": "Can add text", "content_type": 9, "codename": "add_text"}}, {"model": "auth.permission", "pk": 26, "fields": {"name": "Can change text", "content_type": 9, "codename": "change_text"}}, {"model": "auth.permission", "pk": 27, "fields": {"name": "Can delete text", "content_type": 9, "codename": "delete_text"}}, {"model": "auth.permission", "pk": 28, "fields": {"name": "Can add quiz", "content_type": 10, "codename": "add_quiz"}}, {"model": "auth.permission", "pk": 29, "fields": {"name": "Can change quiz", "content_type": 10, "codename": "change_quiz"}}, {"model": "auth.permission", "pk": 30, "fields": {"name": "Can delete quiz", "content_type": 10, "codename": "delete_quiz"}}, {"model": "auth.permission", "pk": 31, "fields": {"name": "Can add question", "content_type": 11, "codename": "add_question"}}, {"model": "auth.permission", "pk": 32, "fields": {"name": "Can change question", "content_type": 11, "codename": "change_question"}}, {"model": "auth.permission", "pk": 33, "fields": {"name": "Can delete question", "content_type": 11, "codename": "delete_question"}}, {"model": "auth.permission", "pk": 34, "fields": {"name": "Can add answer", "content_type": 12, "codename": "add_answer"}}, {"model": "auth.permission", "pk": 35, "fields": {"name": "Can change answer", "content_type": 12, "codename": "change_answer"}}, {"model": "auth.permission", "pk": 36, "fields": {"name": "Can delete answer", "content_type": 12, "codename": "delete_answer"}}, {"model": "auth.permission", "pk": 37, "fields": {"name": "Can add multiple choice question", "content_type": 13, "codename": "add_multiplechoicequestion"}}, {"model": "auth.permission", "pk": 38, "fields": {"name": "Can change multiple choice question", "content_type": 13, "codename": "change_multiplechoicequestion"}}, {"model": "auth.permission", "pk": 39, "fields": {"name": "Can delete multiple choice question", "content_type": 13, "codename": "delete_multiplechoicequestion"}}, {"model": "auth.permission", "pk": 40, "fields": {"name": "Can add true false question", "content_type": 14, "codename": "add_truefalsequestion"}}, {"model": "auth.permission", "pk": 41, "fields": {"name": "Can change true false question", "content_type": 14, "codename": "change_truefalsequestion"}}, {"model": "auth.permission", "pk": 42, "fields": {"name": "Can delete true false question", "content_type": 14, "codename": "delete_truefalsequestion"}}, {"model": "auth.user", "pk": 1, "fields": {"password": "pbkdf2_sha256$20000$juZ4GBJqFtBZ$AnSsVFtsm4QylXkWw9ZpZkm1YyAQn1JI+A+gF5G7Awc=", "last_login": "2015-11-30T22:02:41.539Z", "is_superuser": true, "username": "kennethlove", "first_name": "", "last_name": "", "email": "kenneth@teamtreehouse.com", "is_staff": true, "is_active": true, "date_joined": "2015-06-01T18:31:04.941Z", "groups": [], "user_permissions": []}}, {"model": "auth.user", "pk": 3, "fields": {"password": "", "last_login": null, "is_superuser": false, "username": "craig", "first_name": "Craig", "last_name": "Dennis", "email": "", "is_staff": false, "is_active": true, "date_joined": "2016-01-19T17:38:07Z", "groups": [], "user_permissions": []}}, {"model": "auth.user", "pk": 4, "fields": {"password": "", "last_login": null, "is_superuser": false, "username": "chalkers", "first_name": "Andrew", "last_name": "Chalkley", "email": "", "is_staff": false, "is_active": true, "date_joined": "2016-01-19T17:38:07Z", "groups": [], "user_permissions": []}}, {"model": "auth.user", "pk": 5, "fields": {"password": "", "last_login": null, "is_superuser": false, "username": "ben", "first_name": "Ben", "last_name": "Deitch", "email": "", "is_staff": false, "is_active": true, "date_joined": "2016-01-19T17:38:07Z", "groups": [], "user_permissions": []}}, {"model": "auth.user", "pk": 6, "fields": {"password": "", "last_login": null, "is_superuser": false, "username": "lacey", "first_name": "Lacey", "last_name": "Henschel", "email": "", "is_staff": false, "is_active": true, "date_joined": "2016-01-19T17:38:07Z", "groups": [], "user_permissions": []}}, {"model": "auth.user", "pk": 7, "fields": {"password": "", "last_login": null, "is_superuser": false, "username": "alena", "first_name": "Alena", "last_name": "Holligan", "email": "", "is_staff": false, "is_active": true, "date_joined": "2016-01-19T17:38:07Z", "groups": [], "user_permissions": []}}, {"model": "auth.user", "pk": 8, "fields": {"password": "pbkdf2_sha256$30000$lG8jT9sKCUu0$Cs9HbA2tu1GqjGH08Jlz+dQP20fXLjQZIkCFhhXybzI=", "last_login": null, "is_superuser": true, "username": "jnrman", "first_name": "", "last_name": "", "email": "jnoelreid@hotmail.com", "is_staff": true, "is_active": true, "date_joined": "2016-09-15T06:32:45.541Z", "groups": [], "user_permissions": []}}, {"model": "courses.course", "pk": 1, "fields": {"created_at": "2015-06-01T18:14:46.640Z", "title": "Python Basics", "description": "Learn the basics of Python", "teacher": 1, "subject": ""}}, {"model": "courses.course", "pk": 2, "fields": {"created_at": "2015-06-01T18:15:59.238Z", "title": "Python Collections", "description": "Learn about list, dict, and tuple", "teacher": 1, "subject": ""}}, {"model": "courses.course", "pk": 3, "fields": {"created_at": "2015-06-01T18:16:58.818Z", "title": "Object-Oriented Python", "description": "Learn about Python's classes", "teacher": 1, "subject": ""}}, {"model": "courses.course", "pk": 4, "fields": {"created_at": "2015-06-01T18:34:55.144Z", "title": "Python Testing", "description": "Learn to test your Python applications with unittest and doctests!", "teacher": 1, "subject": ""}}, {"model": "courses.course", "pk": 11, "fields": {"created_at": "2016-01-19T21:45:29.416Z", "title": "Customizing Django Templates", "description": "In Django Basics, you learned how to set up the skeleton of a video tutorial library. But for a real-world application, you\u2019d probably want more flexibility and functionality in your websites.\r\n\r\nDjango offers lots of built-in options for using templates to make your site dynamic and flexible, and makes it easy for you to build the extra things you need. In this course, learn about more complex template inheritance, how to make use of the vast array of built-in tags and filters Django has, and how to grow your own tags and filters for the functionality that Django doesn\u2019t provide. By the time you finish this course, you will have a deeper understanding of how you can make Django\u2019s templates work for your project, as well as a fully fleshed out video tutorial site!", "teacher": 6, "subject": "Python"}}, {"model": "courses.course", "pk": 12, "fields": {"created_at": "2016-01-19T21:46:36.067Z", "title": "Build a Simple Android App", "description": "This course covers the very basics of Android development. We will build a simple app that will serve up some fun facts when you tap on a button. We introduce you to programming in Android, a tool for Android development called Android Studio, and some very basic concepts of the Android Software Development Kit, or SDK. By the end you will have a good idea of how a basic app works, and you will be armed with the knowledge to start building more.", "teacher": 5, "subject": "Android"}}, {"model": "courses.course", "pk": 13, "fields": {"created_at": "2016-01-19T21:46:54.856Z", "title": "Android Activity Lifecycle", "description": "Activities are a crucial component of almost any Android app. In this course we will learn about the lifecycle of our activities, and how we can handle various unexpected changes. We'll also see how to correctly handle a device rotation as well as how to save data using SharedPreferences. To top it all off, at the end of this course you'll get a chance to test your Android knowledge with a project.", "teacher": 5, "subject": "Android"}}, {"model": "courses.course", "pk": 14, "fields": {"created_at": "2016-01-19T21:47:17.535Z", "title": "SQL Basics", "description": "In SQL Basics we\u2019ll take a look at what databases are and how you can retrieve information from them. Databases can store massive amounts of information to be retrieved at a later date. Databases act as the memory for dynamic web sites or mobile apps.", "teacher": 4, "subject": "SQL"}}, {"model": "courses.course", "pk": 15, "fields": {"created_at": "2016-01-19T21:47:35.260Z", "title": "Modifying Data with SQL", "description": "At the heart of a dynamic application is a database. Whether the application is an eCommerce, sports team, social network or a productivity app on your phone the data needs to change over time.\r\n\r\nIn this course we'll take a look at the underpinning SQL statements that are needed for every dynamic application.", "teacher": 4, "subject": "SQL"}}, {"model": "courses.course", "pk": 16, "fields": {"created_at": "2016-01-19T21:48:28.411Z", "title": "jQuery Basics", "description": "jQuery Basics covers why you'd want to use jQuery, what it is and how to include it in your projects. You'll build several projects over the course to give you the confidence to integrate jQuery in your own projects and add that level of flair and interactivity to any site you work on.", "teacher": 4, "subject": "JavaScript"}}, {"model": "courses.course", "pk": 17, "fields": {"created_at": "2016-01-19T21:48:50.644Z", "title": "Build a Simple Dynamic Site with Node.js", "description": "Node.js is a versatile platform for building all sorts of applications. In this course, we're going to make a dynamic website that displays a Treehouse student's profile information by creating a server that will dynamically generate content, handle URLs, read from files and build a simple template engine.", "teacher": 4, "subject": "JavaScript"}}, {"model": "courses.course", "pk": 18, "fields": {"created_at": "2016-01-19T21:49:21.789Z", "title": "Java Basics", "description": "In this course you will gain all the knowledge you will need to build an interactive command line program in Java. No prior programming experience is required. You will create an interactive game that prompts users for different parts of a sentence and then generates a story using those words.", "teacher": 3, "subject": "Java"}}, {"model": "courses.course", "pk": 19, "fields": {"created_at": "2016-01-19T21:49:35.318Z", "title": "Java Objects", "description": "Java is an Object Oriented Programming language. Literally everything is an object, so understanding them is critical to your Java foundational base.\r\n\r\nIn this course, we will learn how to create, use and express ideas using objects.", "teacher": 3, "subject": "Java"}}, {"model": "courses.course", "pk": 20, "fields": {"created_at": "2016-01-19T21:49:50.153Z", "title": "Java Data Structures", "description": "In this course we are going to deal with different approaches of storing, accessing, and bending data to your will. By definition, a data structure is a particular way of organizing data so that it can be used efficiently. It's time to get more efficient.", "teacher": 3, "subject": "Java"}}, {"model": "courses.course", "pk": 21, "fields": {"created_at": "2016-01-19T21:50:19.464Z", "title": "Build a Basic PHP Website", "description": "This project will show you how to build a simple website using the PHP programming language. The web site, a media library, will let you organize and display your Books, Movies and Music. You could easily use this project to create a website that lets you organize and display any type of item: Branch Locations, Products, Services, Events, even Courses like we have here on Treehouse.", "teacher": 7, "subject": "PHP"}}, {"model": "admin.logentry", "pk": 1, "fields": {"action_time": "2015-06-01T18:34:55.159Z", "user": 1, "content_type": 7, "object_id": "4", "object_repr": "Python Testing", "action_flag": 1, "change_message": ""}}, {"model": "admin.logentry", "pk": 3, "fields": {"action_time": "2015-06-01T21:27:56.224Z", "user": 1, "content_type": 7, "object_id": "1", "object_repr": "Python Basics", "action_flag": 2, "change_message": "Added step \"Using the Shell\"."}}, {"model": "admin.logentry", "pk": 4, "fields": {"action_time": "2015-06-01T21:28:37.053Z", "user": 1, "content_type": 7, "object_id": "1", "object_repr": "Python Basics", "action_flag": 2, "change_message": "Changed order for step \"What's the deal with strings?\"."}}, {"model": "admin.logentry", "pk": 5, "fields": {"action_time": "2015-06-01T22:14:22.763Z", "user": 1, "content_type": 7, "object_id": "1", "object_repr": "Python Basics", "action_flag": 2, "change_message": "Changed content for step \"Using the Shell\"."}}, {"model": "admin.logentry", "pk": 6, "fields": {"action_time": "2015-11-24T23:43:40.879Z", "user": 1, "content_type": 10, "object_id": "1", "object_repr": "Review", "action_flag": 1, "change_message": ""}}, {"model": "admin.logentry", "pk": 7, "fields": {"action_time": "2015-11-24T23:43:53.340Z", "user": 1, "content_type": 9, "object_id": "1", "object_repr": "What's the deal with strings?", "action_flag": 2, "change_message": "Changed order."}}, {"model": "admin.logentry", "pk": 8, "fields": {"action_time": "2015-11-25T00:56:47.822Z", "user": 1, "content_type": 13, "object_id": "1", "object_repr": "", "action_flag": 3, "change_message": ""}}]